{"pageOneContents":[{"unmarried_children":[],"assets_real":[],"assets_personal":[],"liabilities":[],"business_interest":[],"relatives":[],"date_completed":"2021-03-08","declarant_family_name":"gulayan","declarant_first_name":"john paul","declarant_mi":"v","totalRealProperties":0,"totalPersonalProperties":0,"totalAssets":0,"totalLiabilies":0,"totalNetworth":0,"date_completed_formatted":"March 8, 2021","date_completed_day":"8","date_completed_month":"Mar 2021"}],"pageTwoContents":[{"unmarried_children":[],"assets_real":[],"assets_personal":[],"liabilities":[],"business_interest":[],"relatives":[],"date_completed":"2021-03-08","declarant_family_name":"gulayan","declarant_first_name":"john paul","declarant_mi":"v","totalRealProperties":0,"totalPersonalProperties":0,"totalAssets":0,"totalLiabilies":0,"totalNetworth":0,"date_completed_formatted":"March 8, 2021","date_completed_day":"8","date_completed_month":"Mar 2021"}]}