{"pageOneContents":[{"unmarried_children":[],"assets_real":[],"assets_personal":[],"liabilities":[],"business_interest":[],"relatives":[],"declarant_valid_id":"ID1","declarant_id_number":"IDNO1","declarant_id_date":"DATE1","codeclarant_valid_id":"ID2","codeclarant_id_number":"IDNO2","codeclarant_id_date":"DATE2"}],"pageTwoContents":[{"unmarried_children":[],"assets_real":[],"assets_personal":[],"liabilities":[],"business_interest":[],"relatives":[],"declarant_valid_id":"ID1","declarant_id_number":"IDNO1","declarant_id_date":"DATE1","codeclarant_valid_id":"ID2","codeclarant_id_number":"IDNO2","codeclarant_id_date":"DATE2"}]}