{"pageOneContents":[{"unmarried_children":[{"name":"NAPALIT","date_birth":"","age":""}],"assets_real":[{"description":"NAPALIT","kind":"","location":"","assessed_value":"","market_value":"","year":"","mode":"","cost":""}],"assets_personal":[{"description":"NAPALIT","year":"","cost":""}],"liabilities":[{"nature":"NAPALIT","creditors":"","outstanding_balance":""}],"business_interest":[{"entity":"NAPALIT","address":"","nature":"","outstanding_balance":""}],"relatives":[{"name":"NAPALIT","relationship":"","position":"","agency":""}],"declarant_family_name":"NAPALIT","declarant_first_name":"SETH JASPER"}],"pageTwoContents":[{"unmarried_children":[{"name":"NAPALIT","date_birth":"","age":""}],"assets_real":[{"description":"NAPALIT","kind":"","location":"","assessed_value":"","market_value":"","year":"","mode":"","cost":""}],"assets_personal":[{"description":"NAPALIT","year":"","cost":""}],"liabilities":[{"nature":"NAPALIT","creditors":"","outstanding_balance":""}],"business_interest":[{"entity":"NAPALIT","address":"","nature":"","outstanding_balance":""}],"relatives":[{"name":"NAPALIT","relationship":"","position":"","agency":""}],"declarant_family_name":"NAPALIT","declarant_first_name":"SETH JASPER"}]}