{"pageOneContents":[{"unmarried_children":[{"name":"JOHN","date_birth":"1","age":"11"},{"name":"PAUL","date_birth":"2","age":"22"},{"name":"VILLAJOS","date_birth":"3","age":"33"},{"name":"GULAYAN","date_birth":"4","age":"44"}],"assets_real":[{"description":"HOUSE","kind":"RESIDENTIAL","location":"DAVAO","assessed_value":"1","market_value":"11","year":"2019","mode":"MODE1","cost":"111"},{"description":"BALAY","kind":"commercial","location":"CITY","assessed_value":"2","market_value":"22","year":"2020","mode":"MODE2","cost":"222"},{"description":"LOT","kind":"industrial","location":"AGDAO","assessed_value":"3","market_value":"33","year":"2021","mode":"MODE3","cost":"333"}],"assets_personal":[{"description":"DESC1","year":"2011","cost":"1"},{"description":"DESC2","year":"2012","cost":"2"},{"description":"DESC3","year":"2013","cost":"3"},{"description":"DESC4","year":"2014","cost":"4"},{"description":"DESC5","year":"2015","cost":"5"}],"liabilities":[{"nature":"NATURE1","creditors":"CREDITORS1","outstanding_balance":"1"},{"nature":"NATURE2","creditors":"CREDITORS2","outstanding_balance":"2"},{"nature":"NATURE3","creditors":"CREDITORS3","outstanding_balance":"3"},{"nature":"NATURE4","creditors":"CREDITORS4","outstanding_balance":"4"},{"nature":"NATURE5","creditors":"CREDITORS5","outstanding_balance":"5"}],"business_interest":[{"entity":"ENTITY1","address":"ADDRESS1","nature":"NATURE 1","outstanding_balance":"1"},{"entity":"ENTITY2","address":"ADDRESS2","nature":"NATURE 2","outstanding_balance":"2"},{"entity":"ENTITY3","address":"ADDRESS3","nature":"NATURE 3","outstanding_balance":"3"},{"entity":"ENTITY4","address":"ADDRESS4","nature":"NATURE 4","outstanding_balance":"4"},{"entity":"ENTITY5","address":"ADDRESS5","nature":"NATURE 5","outstanding_balance":"5"}],"relatives":[{"name":"RELATIVE1","relationship":"RELATIONSHIP1","position":"POSITION1","agency":"NAME OF AGENCY1"},{"name":"RELATIVE2","relationship":"RELATIONSHIP2","position":"POSITION2","agency":"NAME OF AGENCY2"},{"name":"RELATIVE3","relationship":"RELATIONSHIP3","position":"POSITION3","agency":"NAME OF AGENCY3"},{"name":"RELATIVE4","relationship":"RELATIONSHIP4","position":"POSITION4","agency":"NAME OF AGENCY4"},{"name":"RELATIVE5","relationship":"RELATIONSHIP5","position":"POSITION5","agency":"NAME OF AGENCY5"}],"declarant_family_name":"GULAYAN","declarant_first_name":"JOHN PAUL","declarant_mi":"V","declarant_position":"INFORMATION TECHNOLOGY","declarant_agency_name":"DSWD","declarant_agency_address":"SUAZO","spouse_position":"SPOUSE POSITION","spouse_agency_name":"SPOUSE OFFICE","spouse_agency_address":"SPOUSE ADDRESS","spouse_family_name":"N\/A","declarant_address":"DAVAO CITY"},{"unmarried_children":[{"name":"SR","date_birth":"5","age":"55"},{"name":"JR","date_birth":"6","age":"66"}],"assets_real":[{"description":"CONDO","kind":"agricultural ","location":"DIST","assessed_value":"4","market_value":"44","year":"2022","mode":"MODE4","cost":"444"}],"assets_personal":[]}]}