{"pageOneContents":[{"unmarried_children":[{"name":"agency","date_birth":"","age":""}],"assets_real":[{"description":"agency","kind":"","location":"","assessed_value":"","market_value":"","year":"","mode":"","cost":""}],"assets_personal":[{"description":"agency","year":"","cost":""}],"liabilities":[{"nature":"agency","creditors":"","outstanding_balance":""}],"business_interest":[{"entity":"agency","address":"","nature":"","outstanding_balance":""}],"relatives":[],"declarant_family_name":"agency","spouse_family_name":"agency","declarant_address":"agency"}],"pageTwoContents":[{"unmarried_children":[{"name":"agency","date_birth":"","age":""}],"assets_real":[{"description":"agency","kind":"","location":"","assessed_value":"","market_value":"","year":"","mode":"","cost":""}],"assets_personal":[{"description":"agency","year":"","cost":""}],"liabilities":[{"nature":"agency","creditors":"","outstanding_balance":""}],"business_interest":[{"entity":"agency","address":"","nature":"","outstanding_balance":""}],"relatives":[],"declarant_family_name":"agency","spouse_family_name":"agency","declarant_address":"agency"}]}