{"pageOneContents":[{"unmarried_children":[{"name":"CHILDREN1","date_birth":"DATE 1","age":"AGE 1"},{"name":"CHILDREN2","date_birth":"DATE 2","age":"AGE 2"},{"name":"CHILDREN3","date_birth":"DATE 3","age":"AGE 3"},{"name":"CHILDREN4","date_birth":"DATE 4","age":"AGE 4"}],"assets_real":[{"description":"DESCRIPTION 1","kind":"KIND 1","location":"LOCATION 1","assessed_value":"VALUE1","market_value":"VALUE11","year":"YEAR1","mode":"MODE1","cost":"COST1"},{"description":"DESCRIPTION 2","kind":"KIND 2","location":"LOCATION 2","assessed_value":"VALUE2","market_value":"VALUE22","year":"YEAR2","mode":"MODE2","cost":"COST2"},{"description":"DESCRIPTION 3","kind":"KIND 3","location":"LOCATION 3","assessed_value":"VALUE3","market_value":"VALUE33","year":"YEAR3","mode":"MODE3","cost":"COST3"}],"assets_personal":[{"description":"DESCRIPTION1","year":"YEAR ACQUIRED1","cost":"COST1"},{"description":"DESCRIPTION2","year":"YEAR ACQUIRED2","cost":"COST2"},{"description":"DESCRIPTION3","year":"YEAR ACQUIRED3","cost":"COST3"},{"description":"DESCRIPTION4","year":"YEAR ACQUIRED4","cost":"COST4"},{"description":"DESCRIPTION5","year":"YEAR ACQUIRED5","cost":"COST5"}],"liabilities":[{"nature":"NATURE1","creditors":"CREDITORS1","outstanding_balance":"BALANCE1"},{"nature":"NATURE2","creditors":"CREDITORS2","outstanding_balance":"BALANCE2"},{"nature":"NATURE3","creditors":"CREDITORS3","outstanding_balance":"BALANCE3"},{"nature":"NATURE4","creditors":"CREDITORS4","outstanding_balance":"BALANCE4"},{"nature":"NATURE5","creditors":"CREDITORS5","outstanding_balance":"BALANCE5"},{"nature":"NATURE6","creditors":"CREDITORS6","outstanding_balance":"BALANCE6"}],"business_interest":[{"entity":"ENTITY1","address":"ADDRESS1","nature":"CONNECTION1","outstanding_balance":"CONNECTION1"},{"entity":"ENTITY2","address":"ADDRESS2","nature":"CONNECTION2","outstanding_balance":"CONNECTION2"},{"entity":"ENTITY3","address":"ADDRESS3","nature":"CONNECTION3","outstanding_balance":"CONNECTION3"},{"entity":"ENTITY4","address":"ADDRESS4","nature":"CONNECTION4","outstanding_balance":"CONNECTION4"},{"entity":"ENTITY5","address":"ADDRESS5","nature":"CONNECTION5","outstanding_balance":"CONNECTION5"},{"entity":"ENTITY6","address":"ADDRESS6","nature":"CONNECTION6","outstanding_balance":"CONNECTION6"}],"relatives":[{"name":"RELATIVE1","relationship":"RELATIONSHIP1","position":"POSITION1","agency":"AGENCY1"},{"name":"RELATIVE2","relationship":"RELATIONSHIP2","position":"POSITION2","agency":"AGENCY2"},{"name":"RELATIVE3","relationship":"RELATIONSHIP3","position":"POSITION3","agency":"AGENCY3"},{"name":"RELATIVE4","relationship":"RELATIONSHIP4","position":"POSITION4","agency":"AGENCY4"},{"name":"RELATIVE5","relationship":"RELATIONSHIP5","position":"POSITION5","agency":"AGENCY5"},{"name":"RELATIVE6","relationship":"RELATIONSHIP6","position":"POSITION6","agency":"AGENCY6"},{"name":"RELATIVE7","relationship":"RELATIONSHIP7","position":"POSITION7","agency":"AGENCY7"}],"declarant_family_name":"GULAYAN","declarant_first_name":"JOHN PAUL","declarant_mi":"V","declarant_position":"ITO","declarant_address":"R. CASTILLO DAVAO CITY","declarant_agency_name":"DSWD","declarant_agency_address":"SUAZO ST","spouse_family_name":"SP SN","spouse_first_name":"SP FN","spouse_mi":"SP MI","spouse_position":"SP POS","spouse_agency_name":"SP OFFICE","spouse_agency_address":"SP ADDRESS"},{"unmarried_children":[{"name":"CHILDREN5","date_birth":"DATE 5","age":"AGE 5"},{"name":"CHILDREN6","date_birth":"DATE 6","age":"AGE 6"}],"assets_real":[{"description":"DESCRIPTION 4","kind":"KIND 4","location":"LOCATION 4","assessed_value":"VALUE4","market_value":"VALUE44","year":"YEAR4","mode":"MODE4","cost":"COST4"},{"description":"DESCRIPTION 5","kind":"KIND 5","location":"LOCATION 5","assessed_value":"VALUE5","market_value":"VALUE55","year":"YEAR5","mode":"MODE5","cost":"COST5"},{"description":"DESCRIPTION 6","kind":"KIND 6","location":"LOCATION 6","assessed_value":"VALUE6","market_value":"VALUE66","year":"YEAR6","mode":"MODE6","cost":"COST6"}],"assets_personal":[{"description":"DESCRIPTION6","year":"YEAR ACQUIRED6","cost":"COST6"}]}],"pageTwoContents":[{"unmarried_children":[{"name":"CHILDREN1","date_birth":"DATE 1","age":"AGE 1"},{"name":"CHILDREN2","date_birth":"DATE 2","age":"AGE 2"},{"name":"CHILDREN3","date_birth":"DATE 3","age":"AGE 3"},{"name":"CHILDREN4","date_birth":"DATE 4","age":"AGE 4"},{"name":"CHILDREN5","date_birth":"DATE 5","age":"AGE 5"},{"name":"CHILDREN6","date_birth":"DATE 6","age":"AGE 6"}],"assets_real":[{"description":"DESCRIPTION 1","kind":"KIND 1","location":"LOCATION 1","assessed_value":"VALUE1","market_value":"VALUE11","year":"YEAR1","mode":"MODE1","cost":"COST1"},{"description":"DESCRIPTION 2","kind":"KIND 2","location":"LOCATION 2","assessed_value":"VALUE2","market_value":"VALUE22","year":"YEAR2","mode":"MODE2","cost":"COST2"},{"description":"DESCRIPTION 3","kind":"KIND 3","location":"LOCATION 3","assessed_value":"VALUE3","market_value":"VALUE33","year":"YEAR3","mode":"MODE3","cost":"COST3"},{"description":"DESCRIPTION 4","kind":"KIND 4","location":"LOCATION 4","assessed_value":"VALUE4","market_value":"VALUE44","year":"YEAR4","mode":"MODE4","cost":"COST4"},{"description":"DESCRIPTION 5","kind":"KIND 5","location":"LOCATION 5","assessed_value":"VALUE5","market_value":"VALUE55","year":"YEAR5","mode":"MODE5","cost":"COST5"},{"description":"DESCRIPTION 6","kind":"KIND 6","location":"LOCATION 6","assessed_value":"VALUE6","market_value":"VALUE66","year":"YEAR6","mode":"MODE6","cost":"COST6"}],"assets_personal":[{"description":"DESCRIPTION1","year":"YEAR ACQUIRED1","cost":"COST1"},{"description":"DESCRIPTION2","year":"YEAR ACQUIRED2","cost":"COST2"},{"description":"DESCRIPTION3","year":"YEAR ACQUIRED3","cost":"COST3"},{"description":"DESCRIPTION4","year":"YEAR ACQUIRED4","cost":"COST4"},{"description":"DESCRIPTION5","year":"YEAR ACQUIRED5","cost":"COST5"},{"description":"DESCRIPTION6","year":"YEAR ACQUIRED6","cost":"COST6"}],"liabilities":[{"nature":"NATURE1","creditors":"CREDITORS1","outstanding_balance":"BALANCE1"},{"nature":"NATURE2","creditors":"CREDITORS2","outstanding_balance":"BALANCE2"},{"nature":"NATURE3","creditors":"CREDITORS3","outstanding_balance":"BALANCE3"},{"nature":"NATURE4","creditors":"CREDITORS4","outstanding_balance":"BALANCE4"}],"business_interest":[{"entity":"ENTITY1","address":"ADDRESS1","nature":"CONNECTION1","outstanding_balance":"CONNECTION1"},{"entity":"ENTITY2","address":"ADDRESS2","nature":"CONNECTION2","outstanding_balance":"CONNECTION2"},{"entity":"ENTITY3","address":"ADDRESS3","nature":"CONNECTION3","outstanding_balance":"CONNECTION3"},{"entity":"ENTITY4","address":"ADDRESS4","nature":"CONNECTION4","outstanding_balance":"CONNECTION4"}],"relatives":[{"name":"RELATIVE1","relationship":"RELATIONSHIP1","position":"POSITION1","agency":"AGENCY1"},{"name":"RELATIVE2","relationship":"RELATIONSHIP2","position":"POSITION2","agency":"AGENCY2"},{"name":"RELATIVE3","relationship":"RELATIONSHIP3","position":"POSITION3","agency":"AGENCY3"}],"declarant_family_name":"GULAYAN","declarant_first_name":"JOHN PAUL","declarant_mi":"V","declarant_position":"ITO","declarant_address":"R. CASTILLO DAVAO CITY","declarant_agency_name":"DSWD","declarant_agency_address":"SUAZO ST","spouse_family_name":"SP SN","spouse_first_name":"SP FN","spouse_mi":"SP MI","spouse_position":"SP POS","spouse_agency_name":"SP OFFICE","spouse_agency_address":"SP ADDRESS"},{"liabilities":[{"nature":"NATURE5","creditors":"CREDITORS5","outstanding_balance":"BALANCE5"},{"nature":"NATURE6","creditors":"CREDITORS6","outstanding_balance":"BALANCE6"}],"business_interest":[{"entity":"ENTITY5","address":"ADDRESS5","nature":"CONNECTION5","outstanding_balance":"CONNECTION5"},{"entity":"ENTITY6","address":"ADDRESS6","nature":"CONNECTION6","outstanding_balance":"CONNECTION6"}],"relatives":[{"name":"RELATIVE4","relationship":"RELATIONSHIP4","position":"POSITION4","agency":"AGENCY4"},{"name":"RELATIVE5","relationship":"RELATIONSHIP5","position":"POSITION5","agency":"AGENCY5"},{"name":"RELATIVE6","relationship":"RELATIONSHIP6","position":"POSITION6","agency":"AGENCY6"}]},{"liabilities":[],"business_interest":[],"relatives":[{"name":"RELATIVE7","relationship":"RELATIONSHIP7","position":"POSITION7","agency":"AGENCY7"}]}]}