{"pageOneContents":[{"unmarried_children":[],"assets_real":[],"assets_personal":[],"liabilities":[],"business_interest":[],"relatives":[],"date_completed":"2021-03-10","totalRealProperties":0,"totalPersonalProperties":0,"totalAssets":0,"totalLiabilies":0,"totalNetworth":0,"date_completed_day":"2021-03-09T16:00:00.000Z","date_completed_month":"2021-03-09T16:00:00.000Z"}],"pageTwoContents":[{"unmarried_children":[],"assets_real":[],"assets_personal":[],"liabilities":[],"business_interest":[],"relatives":[],"date_completed":"2021-03-10","totalRealProperties":0,"totalPersonalProperties":0,"totalAssets":0,"totalLiabilies":0,"totalNetworth":0,"date_completed_day":"2021-03-09T16:00:00.000Z","date_completed_month":"2021-03-09T16:00:00.000Z"}]}