{"pageOneContents":[{"unmarried_children":[{"name":"","date_birth":"","age":""}],"assets_real":[{"description":"","kind":"","location":"","assessed_value":"","market_value":"","year":"","mode":"","cost":"100"},{"description":"","kind":"","location":"","assessed_value":"","market_value":"","year":"","mode":"","cost":"200"},{"description":"","kind":"","location":"","assessed_value":"","market_value":"","year":"","mode":"","cost":"300"}],"assets_personal":[{"description":"","year":"","cost":"800"},{"description":"","year":"","cost":"900"},{"description":"","year":"","cost":"1000"},{"description":"","year":"","cost":"1100"},{"description":"","year":"","cost":"1200"}],"liabilities":[{"nature":"","creditors":"","outstanding_balance":"100"},{"nature":"","creditors":"","outstanding_balance":"200"},{"nature":"","creditors":"","outstanding_balance":"300"},{"nature":"","creditors":"","outstanding_balance":"400"},{"nature":"","creditors":"","outstanding_balance":"500"}],"business_interest":[],"relatives":[],"totalRealProperties":2800,"totalPersonalProperties":6300,"totalAssets":9100,"totalLiabilies":1500,"totalNetworth":7600},{"totalRealProperties":2800,"totalPersonalProperties":6300,"totalAssets":9100,"totalLiabilies":1500,"totalNetworth":7600,"unmarried_children":[],"assets_real":[{"description":"","kind":"","location":"","assessed_value":"","market_value":"","year":"","mode":"","cost":"400"},{"description":"","kind":"","location":"","assessed_value":"","market_value":"","year":"","mode":"","cost":"500"},{"description":"","kind":"","location":"","assessed_value":"","market_value":"","year":"","mode":"","cost":"600"}],"assets_personal":[{"description":"","year":"","cost":"1300"}]},{"totalRealProperties":2800,"totalPersonalProperties":6300,"totalAssets":9100,"totalLiabilies":1500,"totalNetworth":7600,"unmarried_children":[],"assets_real":[{"description":"","kind":"","location":"","assessed_value":"","market_value":"","year":"","mode":"","cost":"700"}],"assets_personal":[]}],"pageTwoContents":[{"unmarried_children":[{"name":"","date_birth":"","age":""}],"assets_real":[{"description":"","kind":"","location":"","assessed_value":"","market_value":"","year":"","mode":"","cost":"100"},{"description":"","kind":"","location":"","assessed_value":"","market_value":"","year":"","mode":"","cost":"200"},{"description":"","kind":"","location":"","assessed_value":"","market_value":"","year":"","mode":"","cost":"300"},{"description":"","kind":"","location":"","assessed_value":"","market_value":"","year":"","mode":"","cost":"400"},{"description":"","kind":"","location":"","assessed_value":"","market_value":"","year":"","mode":"","cost":"500"},{"description":"","kind":"","location":"","assessed_value":"","market_value":"","year":"","mode":"","cost":"600"},{"description":"","kind":"","location":"","assessed_value":"","market_value":"","year":"","mode":"","cost":"700"}],"assets_personal":[{"description":"","year":"","cost":"800"},{"description":"","year":"","cost":"900"},{"description":"","year":"","cost":"1000"},{"description":"","year":"","cost":"1100"},{"description":"","year":"","cost":"1200"},{"description":"","year":"","cost":"1300"}],"liabilities":[{"nature":"","creditors":"","outstanding_balance":"100"},{"nature":"","creditors":"","outstanding_balance":"200"},{"nature":"","creditors":"","outstanding_balance":"300"},{"nature":"","creditors":"","outstanding_balance":"400"}],"business_interest":[],"relatives":[],"totalRealProperties":2800,"totalPersonalProperties":6300,"totalAssets":9100,"totalLiabilies":1500,"totalNetworth":7600},{"totalRealProperties":2800,"totalPersonalProperties":6300,"totalAssets":9100,"totalLiabilies":1500,"totalNetworth":7600,"liabilities":[{"nature":"","creditors":"","outstanding_balance":"500"}],"business_interest":[],"relatives":[]}]}