{"pageOneContents":[{"unmarried_children":[],"assets_real":[{"description":"","kind":"","location":"","assessed_value":"","market_value":"","year":"","mode":"","cost":"100"},{"description":"","kind":"","location":"","assessed_value":"","market_value":"","year":"","mode":"","cost":"200"},{"description":"","kind":"","location":"","assessed_value":"","market_value":"","year":"","mode":"","cost":"300"}],"assets_personal":[{"description":"","year":"","cost":"200"}],"liabilities":[{"nature":"","creditors":"","outstanding_balance":"50"}],"business_interest":[],"relatives":[],"totalRealProperties":1200,"totalPersonalProperties":200,"totalAssets":1400,"totalLiabilies":50,"totalNetworth":1350},{"unmarried_children":[],"assets_real":[{"description":"","kind":"","location":"","assessed_value":"","market_value":"","year":"","mode":"","cost":"600"}],"assets_personal":[]}],"pageTwoContents":[{"unmarried_children":[],"assets_real":[{"description":"","kind":"","location":"","assessed_value":"","market_value":"","year":"","mode":"","cost":"100"},{"description":"","kind":"","location":"","assessed_value":"","market_value":"","year":"","mode":"","cost":"200"},{"description":"","kind":"","location":"","assessed_value":"","market_value":"","year":"","mode":"","cost":"300"},{"description":"","kind":"","location":"","assessed_value":"","market_value":"","year":"","mode":"","cost":"600"}],"assets_personal":[{"description":"","year":"","cost":"200"}],"liabilities":[{"nature":"","creditors":"","outstanding_balance":"50"}],"business_interest":[],"relatives":[],"totalRealProperties":1200,"totalPersonalProperties":200,"totalAssets":1400,"totalLiabilies":50,"totalNetworth":1350}]}