{"pageOneContents":[{"unmarried_children":[],"assets_real":[{"description":"","kind":"","location":"","assessed_value":"","market_value":"","year":"","mode":"","cost":"100"}],"assets_personal":[{"description":"","year":"","cost":"200"}],"liabilities":[{"nature":"","creditors":"","outstanding_balance":"50"}],"business_interest":[],"relatives":[],"totalRealProperties":100,"totalPersonalProperties":200,"totalAssets":300,"totalLiabilies":50,"totalNetworth":250}],"pageTwoContents":[{"unmarried_children":[],"assets_real":[{"description":"","kind":"","location":"","assessed_value":"","market_value":"","year":"","mode":"","cost":"100"}],"assets_personal":[{"description":"","year":"","cost":"200"}],"liabilities":[{"nature":"","creditors":"","outstanding_balance":"50"}],"business_interest":[],"relatives":[],"totalRealProperties":100,"totalPersonalProperties":200,"totalAssets":300,"totalLiabilies":50,"totalNetworth":250}]}