{"pageOneContents":[{"unmarried_children":[],"assets_real":[],"assets_personal":[],"liabilities":[],"business_interest":[],"relatives":[],"totalRealProperties":0,"totalPersonalProperties":0,"totalAssets":0,"totalLiabilies":0,"totalNetworth":0,"date_completed_formatted":"Mar 10, 2021","date_completed_day":"10","date_completed_month":"Mar 2021"}],"pageTwoContents":[{"unmarried_children":[],"assets_real":[],"assets_personal":[],"liabilities":[],"business_interest":[],"relatives":[],"totalRealProperties":0,"totalPersonalProperties":0,"totalAssets":0,"totalLiabilies":0,"totalNetworth":0,"date_completed_formatted":"Mar 10, 2021","date_completed_day":"10","date_completed_month":"Mar 2021"}]}