{"pageOneContents":[{"unmarried_children":[],"assets_real":[{"description":"","kind":"","location":"","assessed_value":0,"market_value":0,"year":"","mode":"","cost":"100"},{"description":"","kind":"","location":"","assessed_value":0,"market_value":0,"year":"","mode":"","cost":"300"}],"assets_personal":[],"liabilities":[],"business_interest":[],"relatives":[],"totalRealProperties":400,"totalPersonalProperties":0,"totalAssets":400,"totalLiabilies":0,"totalNetworth":400,"date_completed_formatted":"March 10, 2021","date_completed_day":"10","date_completed_month":"Mar 2021"}],"pageTwoContents":[{"unmarried_children":[],"assets_real":[{"description":"","kind":"","location":"","assessed_value":0,"market_value":0,"year":"","mode":"","cost":"100"},{"description":"","kind":"","location":"","assessed_value":0,"market_value":0,"year":"","mode":"","cost":"300"}],"assets_personal":[],"liabilities":[],"business_interest":[],"relatives":[],"totalRealProperties":400,"totalPersonalProperties":0,"totalAssets":400,"totalLiabilies":0,"totalNetworth":400,"date_completed_formatted":"March 10, 2021","date_completed_day":"10","date_completed_month":"Mar 2021"}]}