{"pageOneContents":[{"unmarried_children":[{"name":"GULAYAN, JOREN JAMES V","date_birth":"1992-03-08","age":"25"},{"name":"GULAYAN, JORELYN V","date_birth":"1970-11-24","age":"25"}],"assets_real":[{"description":"LOT","kind":"RESIDENTIAL","location":"DAVAO CITY","assessed_value":"200000","market_value":"200000","year":"2011","mode":"YEAR","cost":"200000"},{"description":"CONDOMINIUM","kind":"COMMERCIAL","location":"DAVAO CITY","assessed_value":"200000","market_value":"200000","year":"2020","mode":"","cost":"200000"}],"assets_personal":[{"description":"SAMPLE PROPERTY","year":"2019","cost":"200000"}],"liabilities":[{"nature":"SAMPLE LIABILITIES","creditors":"DSWD","outstanding_balance":"200000"},{"nature":"","creditors":"","outstanding_balance":0}],"business_interest":[],"relatives":[],"totalRealProperties":400000,"totalPersonalProperties":200000,"totalAssets":600000,"totalLiabilies":200000,"totalNetworth":400000,"date_completed_formatted":"March 10, 2021","date_completed_day":"10","date_completed_month":"Mar 2021","declarant_family_name":"GULAYAN","declarant_first_name":"JOHN PAUL","declarant_mi":"V","declarant_address":"R. CASTILLO ST. DAVAO CITY","spouse_family_name":"N\/A","spouse_first_name":"N\/A","spouse_mi":"N\/A","declarant_position":"INFORMATION TECHNOLOGY OFFICER I","declarant_agency_name":"DSWD","declarant_agency_address":"D. SUAZO ST. DAVAO CITY","spouse_position":"N\/A","spouse_agency_name":"N\/A","spouse_agency_address":"N\/A","date_completed":"2021-03-10"}],"pageTwoContents":[{"unmarried_children":[{"name":"GULAYAN, JOREN JAMES V","date_birth":"1992-03-08","age":"25"},{"name":"GULAYAN, JORELYN V","date_birth":"1970-11-24","age":"25"}],"assets_real":[{"description":"LOT","kind":"RESIDENTIAL","location":"DAVAO CITY","assessed_value":"200000","market_value":"200000","year":"2011","mode":"YEAR","cost":"200000"},{"description":"CONDOMINIUM","kind":"COMMERCIAL","location":"DAVAO CITY","assessed_value":"200000","market_value":"200000","year":"2020","mode":"","cost":"200000"}],"assets_personal":[{"description":"SAMPLE PROPERTY","year":"2019","cost":"200000"}],"liabilities":[{"nature":"SAMPLE LIABILITIES","creditors":"DSWD","outstanding_balance":"200000"},{"nature":"","creditors":"","outstanding_balance":0}],"business_interest":[],"relatives":[],"totalRealProperties":400000,"totalPersonalProperties":200000,"totalAssets":600000,"totalLiabilies":200000,"totalNetworth":400000,"date_completed_formatted":"March 10, 2021","date_completed_day":"10","date_completed_month":"Mar 2021","declarant_family_name":"GULAYAN","declarant_first_name":"JOHN PAUL","declarant_mi":"V","declarant_address":"R. CASTILLO ST. DAVAO CITY","spouse_family_name":"N\/A","spouse_first_name":"N\/A","spouse_mi":"N\/A","declarant_position":"INFORMATION TECHNOLOGY OFFICER I","declarant_agency_name":"DSWD","declarant_agency_address":"D. SUAZO ST. DAVAO CITY","spouse_position":"N\/A","spouse_agency_name":"N\/A","spouse_agency_address":"N\/A","date_completed":"2021-03-10"}]}